k1, k2, threshold, accuracy
1, 1, 0.1, 0.1757
1, 1, 0.15, 0.1757
1, 1, 0.2, 0.1757
1, 1, 0.25, 0.1757
1, 1, 0.3, 0.1757
1, 1, 0.35, 0.1892
1, 1, 0.4, 0.3514
1, 1, 0.45, 0.6081
1, 1, 0.5, 0.9459
1, 1, 0.55, 0.9865
1, 1, 0.6, 1.0000
1, 1, 0.65, 1.0000
1, 1, 0.7, 1.0000
1, 1, 0.75, 1.0000
1, 1, 0.8, 1.0000
1, 1, 0.85, 1.0000
1, 1, 0.9, 1.0000
1, 1, 0.95, 1.0000
1, 1, 1, 1.0000
1, 2, 0.1, 0.1757
1, 2, 0.15, 0.1757
1, 2, 0.2, 0.1757
1, 2, 0.25, 0.1757
1, 2, 0.3, 0.1757
1, 2, 0.35, 0.1892
1, 2, 0.4, 0.3514
1, 2, 0.45, 0.6081
1, 2, 0.5, 0.9459
1, 2, 0.55, 0.9865
1, 2, 0.6, 1.0000
1, 2, 0.65, 1.0000
1, 2, 0.7, 1.0000
1, 2, 0.75, 1.0000
1, 2, 0.8, 1.0000
1, 2, 0.85, 1.0000
1, 2, 0.9, 1.0000
1, 2, 0.95, 1.0000
1, 2, 1, 1.0000
1, 3, 0.1, 0.1757
1, 3, 0.15, 0.1757
1, 3, 0.2, 0.1757
1, 3, 0.25, 0.1757
1, 3, 0.3, 0.1757
1, 3, 0.35, 0.1892
1, 3, 0.4, 0.3514
1, 3, 0.45, 0.6081
1, 3, 0.5, 0.9459
1, 3, 0.55, 0.9865
1, 3, 0.6, 1.0000
1, 3, 0.65, 1.0000
1, 3, 0.7, 1.0000
1, 3, 0.75, 1.0000
1, 3, 0.8, 1.0000
1, 3, 0.85, 1.0000
1, 3, 0.9, 1.0000
1, 3, 0.95, 1.0000
1, 3, 1, 1.0000
1, 4, 0.1, 0.1757
1, 4, 0.15, 0.1757
1, 4, 0.2, 0.1757
1, 4, 0.25, 0.1757
1, 4, 0.3, 0.1757
1, 4, 0.35, 0.1892
1, 4, 0.4, 0.3514
1, 4, 0.45, 0.6081
1, 4, 0.5, 0.9459
1, 4, 0.55, 0.9865
1, 4, 0.6, 1.0000
1, 4, 0.65, 1.0000
1, 4, 0.7, 1.0000
1, 4, 0.75, 1.0000
1, 4, 0.8, 1.0000
1, 4, 0.85, 1.0000
1, 4, 0.9, 1.0000
1, 4, 0.95, 1.0000
1, 4, 1, 1.0000
1, 5, 0.1, 0.1757
1, 5, 0.15, 0.1757
1, 5, 0.2, 0.1757
1, 5, 0.25, 0.1757
1, 5, 0.3, 0.1757
1, 5, 0.35, 0.1892
1, 5, 0.4, 0.3514
1, 5, 0.45, 0.6081
1, 5, 0.5, 0.9459
1, 5, 0.55, 0.9865
1, 5, 0.6, 1.0000
1, 5, 0.65, 1.0000
1, 5, 0.7, 1.0000
1, 5, 0.75, 1.0000
1, 5, 0.8, 1.0000
1, 5, 0.85, 1.0000
1, 5, 0.9, 1.0000
1, 5, 0.95, 1.0000
1, 5, 1, 1.0000
1, 6, 0.1, 0.1757
1, 6, 0.15, 0.1757
1, 6, 0.2, 0.1757
1, 6, 0.25, 0.1757
1, 6, 0.3, 0.1757
1, 6, 0.35, 0.1892
1, 6, 0.4, 0.3514
1, 6, 0.45, 0.6081
1, 6, 0.5, 0.9459
1, 6, 0.55, 0.9865
1, 6, 0.6, 1.0000
1, 6, 0.65, 1.0000
1, 6, 0.7, 1.0000
1, 6, 0.75, 1.0000
1, 6, 0.8, 1.0000
1, 6, 0.85, 1.0000
1, 6, 0.9, 1.0000
1, 6, 0.95, 1.0000
1, 6, 1, 1.0000
1, 7, 0.1, 0.1757
1, 7, 0.15, 0.1757
1, 7, 0.2, 0.1757
1, 7, 0.25, 0.1757
1, 7, 0.3, 0.1757
1, 7, 0.35, 0.1892
1, 7, 0.4, 0.3514
1, 7, 0.45, 0.6081
1, 7, 0.5, 0.9459
1, 7, 0.55, 0.9865
1, 7, 0.6, 1.0000
1, 7, 0.65, 1.0000
1, 7, 0.7, 1.0000
1, 7, 0.75, 1.0000
1, 7, 0.8, 1.0000
1, 7, 0.85, 1.0000
1, 7, 0.9, 1.0000
1, 7, 0.95, 1.0000
1, 7, 1, 1.0000
1, 8, 0.1, 0.1757
1, 8, 0.15, 0.1757
1, 8, 0.2, 0.1757
1, 8, 0.25, 0.1757
1, 8, 0.3, 0.1757
1, 8, 0.35, 0.1892
1, 8, 0.4, 0.3514
1, 8, 0.45, 0.6081
1, 8, 0.5, 0.9459
1, 8, 0.55, 0.9865
1, 8, 0.6, 1.0000
1, 8, 0.65, 1.0000
1, 8, 0.7, 1.0000
1, 8, 0.75, 1.0000
1, 8, 0.8, 1.0000
1, 8, 0.85, 1.0000
1, 8, 0.9, 1.0000
1, 8, 0.95, 1.0000
1, 8, 1, 1.0000
1, 9, 0.1, 0.1757
1, 9, 0.15, 0.1757
1, 9, 0.2, 0.1757
1, 9, 0.25, 0.1757
1, 9, 0.3, 0.1757
1, 9, 0.35, 0.1892
1, 9, 0.4, 0.3514
1, 9, 0.45, 0.6081
1, 9, 0.5, 0.9459
1, 9, 0.55, 0.9865
1, 9, 0.6, 1.0000
1, 9, 0.65, 1.0000
1, 9, 0.7, 1.0000
1, 9, 0.75, 1.0000
1, 9, 0.8, 1.0000
1, 9, 0.85, 1.0000
1, 9, 0.9, 1.0000
1, 9, 0.95, 1.0000
1, 9, 1, 1.0000
1, 10, 0.1, 0.1757
1, 10, 0.15, 0.1757
1, 10, 0.2, 0.1757
1, 10, 0.25, 0.1757
1, 10, 0.3, 0.1757
1, 10, 0.35, 0.1892
1, 10, 0.4, 0.3514
1, 10, 0.45, 0.6081
1, 10, 0.5, 0.9459
1, 10, 0.55, 0.9865
1, 10, 0.6, 1.0000
1, 10, 0.65, 1.0000
1, 10, 0.7, 1.0000
1, 10, 0.75, 1.0000
1, 10, 0.8, 1.0000
1, 10, 0.85, 1.0000
1, 10, 0.9, 1.0000
1, 10, 0.95, 1.0000
1, 10, 1, 1.0000
2, 1, 0.1, 0.1757
2, 1, 0.15, 0.1757
2, 1, 0.2, 0.1757
2, 1, 0.25, 0.1757
2, 1, 0.3, 0.1757
2, 1, 0.35, 0.1892
2, 1, 0.4, 0.3514
2, 1, 0.45, 0.6081
2, 1, 0.5, 0.9459
2, 1, 0.55, 0.9865
2, 1, 0.6, 1.0000
2, 1, 0.65, 1.0000
2, 1, 0.7, 1.0000
2, 1, 0.75, 1.0000
2, 1, 0.8, 1.0000
2, 1, 0.85, 1.0000
2, 1, 0.9, 1.0000
2, 1, 0.95, 1.0000
2, 1, 1, 1.0000
2, 2, 0.1, 0.1757
2, 2, 0.15, 0.1757
2, 2, 0.2, 0.1757
2, 2, 0.25, 0.1757
2, 2, 0.3, 0.1757
2, 2, 0.35, 0.1892
2, 2, 0.4, 0.3514
2, 2, 0.45, 0.6081
2, 2, 0.5, 0.9459
2, 2, 0.55, 0.9865
2, 2, 0.6, 1.0000
2, 2, 0.65, 1.0000
2, 2, 0.7, 1.0000
2, 2, 0.75, 1.0000
2, 2, 0.8, 1.0000
2, 2, 0.85, 1.0000
2, 2, 0.9, 1.0000
2, 2, 0.95, 1.0000
2, 2, 1, 1.0000
2, 3, 0.1, 0.1757
2, 3, 0.15, 0.1757
2, 3, 0.2, 0.1757
2, 3, 0.25, 0.1757
2, 3, 0.3, 0.1757
2, 3, 0.35, 0.1892
2, 3, 0.4, 0.3514
2, 3, 0.45, 0.6081
2, 3, 0.5, 0.9459
2, 3, 0.55, 0.9865
2, 3, 0.6, 1.0000
2, 3, 0.65, 1.0000
2, 3, 0.7, 1.0000
2, 3, 0.75, 1.0000
2, 3, 0.8, 1.0000
2, 3, 0.85, 1.0000
2, 3, 0.9, 1.0000
2, 3, 0.95, 1.0000
2, 3, 1, 1.0000
2, 4, 0.1, 0.1757
2, 4, 0.15, 0.1757
2, 4, 0.2, 0.1757
2, 4, 0.25, 0.1757
2, 4, 0.3, 0.1757
2, 4, 0.35, 0.1892
2, 4, 0.4, 0.3514
2, 4, 0.45, 0.6081
2, 4, 0.5, 0.9459
2, 4, 0.55, 0.9865
2, 4, 0.6, 1.0000
2, 4, 0.65, 1.0000
2, 4, 0.7, 1.0000
2, 4, 0.75, 1.0000
2, 4, 0.8, 1.0000
2, 4, 0.85, 1.0000
2, 4, 0.9, 1.0000
2, 4, 0.95, 1.0000
2, 4, 1, 1.0000
2, 5, 0.1, 0.1757
2, 5, 0.15, 0.1757
2, 5, 0.2, 0.1757
2, 5, 0.25, 0.1757
2, 5, 0.3, 0.1757
2, 5, 0.35, 0.1892
2, 5, 0.4, 0.3514
2, 5, 0.45, 0.6081
2, 5, 0.5, 0.9459
2, 5, 0.55, 0.9865
2, 5, 0.6, 1.0000
2, 5, 0.65, 1.0000
2, 5, 0.7, 1.0000
2, 5, 0.75, 1.0000
2, 5, 0.8, 1.0000
2, 5, 0.85, 1.0000
2, 5, 0.9, 1.0000
2, 5, 0.95, 1.0000
2, 5, 1, 1.0000
2, 6, 0.1, 0.1757
2, 6, 0.15, 0.1757
2, 6, 0.2, 0.1757
2, 6, 0.25, 0.1757
2, 6, 0.3, 0.1757
2, 6, 0.35, 0.1892
2, 6, 0.4, 0.3514
2, 6, 0.45, 0.6081
2, 6, 0.5, 0.9459
2, 6, 0.55, 0.9865
2, 6, 0.6, 1.0000
2, 6, 0.65, 1.0000
2, 6, 0.7, 1.0000
2, 6, 0.75, 1.0000
2, 6, 0.8, 1.0000
2, 6, 0.85, 1.0000
2, 6, 0.9, 1.0000
2, 6, 0.95, 1.0000
2, 6, 1, 1.0000
2, 7, 0.1, 0.1757
2, 7, 0.15, 0.1757
2, 7, 0.2, 0.1757
2, 7, 0.25, 0.1757
2, 7, 0.3, 0.1757
2, 7, 0.35, 0.1892
2, 7, 0.4, 0.3514
2, 7, 0.45, 0.6081
2, 7, 0.5, 0.9459
2, 7, 0.55, 0.9865
2, 7, 0.6, 1.0000
2, 7, 0.65, 1.0000
2, 7, 0.7, 1.0000
2, 7, 0.75, 1.0000
2, 7, 0.8, 1.0000
2, 7, 0.85, 1.0000
2, 7, 0.9, 1.0000
2, 7, 0.95, 1.0000
2, 7, 1, 1.0000
2, 8, 0.1, 0.1757
2, 8, 0.15, 0.1757
2, 8, 0.2, 0.1757
2, 8, 0.25, 0.1757
2, 8, 0.3, 0.1757
2, 8, 0.35, 0.1892
2, 8, 0.4, 0.3514
2, 8, 0.45, 0.6081
2, 8, 0.5, 0.9459
2, 8, 0.55, 0.9865
2, 8, 0.6, 1.0000
2, 8, 0.65, 1.0000
2, 8, 0.7, 1.0000
2, 8, 0.75, 1.0000
2, 8, 0.8, 1.0000
2, 8, 0.85, 1.0000
2, 8, 0.9, 1.0000
2, 8, 0.95, 1.0000
2, 8, 1, 1.0000
2, 9, 0.1, 0.1757
2, 9, 0.15, 0.1757
2, 9, 0.2, 0.1757
2, 9, 0.25, 0.1757
2, 9, 0.3, 0.1757
2, 9, 0.35, 0.1892
2, 9, 0.4, 0.3514
2, 9, 0.45, 0.6081
2, 9, 0.5, 0.9459
2, 9, 0.55, 0.9865
2, 9, 0.6, 1.0000
2, 9, 0.65, 1.0000
2, 9, 0.7, 1.0000
2, 9, 0.75, 1.0000
2, 9, 0.8, 1.0000
2, 9, 0.85, 1.0000
2, 9, 0.9, 1.0000
2, 9, 0.95, 1.0000
2, 9, 1, 1.0000
2, 10, 0.1, 0.1757
2, 10, 0.15, 0.1757
2, 10, 0.2, 0.1757
2, 10, 0.25, 0.1757
2, 10, 0.3, 0.1757
2, 10, 0.35, 0.1892
2, 10, 0.4, 0.3514
2, 10, 0.45, 0.6081
2, 10, 0.5, 0.9459
2, 10, 0.55, 0.9865
2, 10, 0.6, 1.0000
2, 10, 0.65, 1.0000
2, 10, 0.7, 1.0000
2, 10, 0.75, 1.0000
2, 10, 0.8, 1.0000
2, 10, 0.85, 1.0000
2, 10, 0.9, 1.0000
2, 10, 0.95, 1.0000
2, 10, 1, 1.0000
3, 1, 0.1, 0.1757
3, 1, 0.15, 0.1757
3, 1, 0.2, 0.1757
3, 1, 0.25, 0.1757
3, 1, 0.3, 0.1757
3, 1, 0.35, 0.1892
3, 1, 0.4, 0.3514
3, 1, 0.45, 0.6081
3, 1, 0.5, 0.9459
3, 1, 0.55, 0.9865
3, 1, 0.6, 1.0000
3, 1, 0.65, 1.0000
3, 1, 0.7, 1.0000
3, 1, 0.75, 1.0000
3, 1, 0.8, 1.0000
3, 1, 0.85, 1.0000
3, 1, 0.9, 1.0000
3, 1, 0.95, 1.0000
3, 1, 1, 1.0000
3, 2, 0.1, 0.1757
3, 2, 0.15, 0.1757
3, 2, 0.2, 0.1757
3, 2, 0.25, 0.1757
3, 2, 0.3, 0.1757
3, 2, 0.35, 0.1892
3, 2, 0.4, 0.3514
3, 2, 0.45, 0.6081
3, 2, 0.5, 0.9459
3, 2, 0.55, 0.9865
3, 2, 0.6, 1.0000
3, 2, 0.65, 1.0000
3, 2, 0.7, 1.0000
3, 2, 0.75, 1.0000
3, 2, 0.8, 1.0000
3, 2, 0.85, 1.0000
3, 2, 0.9, 1.0000
3, 2, 0.95, 1.0000
3, 2, 1, 1.0000
3, 3, 0.1, 0.1757
3, 3, 0.15, 0.1757
3, 3, 0.2, 0.1757
3, 3, 0.25, 0.1757
3, 3, 0.3, 0.1757
3, 3, 0.35, 0.1892
3, 3, 0.4, 0.3514
3, 3, 0.45, 0.6081
3, 3, 0.5, 0.9459
3, 3, 0.55, 0.9865
3, 3, 0.6, 1.0000
3, 3, 0.65, 1.0000
3, 3, 0.7, 1.0000
3, 3, 0.75, 1.0000
3, 3, 0.8, 1.0000
3, 3, 0.85, 1.0000
3, 3, 0.9, 1.0000
3, 3, 0.95, 1.0000
3, 3, 1, 1.0000
3, 4, 0.1, 0.1757
3, 4, 0.15, 0.1757
3, 4, 0.2, 0.1757
3, 4, 0.25, 0.1757
3, 4, 0.3, 0.1757
3, 4, 0.35, 0.1892
3, 4, 0.4, 0.3514
3, 4, 0.45, 0.6081
3, 4, 0.5, 0.9459
3, 4, 0.55, 0.9865
3, 4, 0.6, 1.0000
3, 4, 0.65, 1.0000
3, 4, 0.7, 1.0000
3, 4, 0.75, 1.0000
3, 4, 0.8, 1.0000
3, 4, 0.85, 1.0000
3, 4, 0.9, 1.0000
3, 4, 0.95, 1.0000
3, 4, 1, 1.0000
3, 5, 0.1, 0.1757
3, 5, 0.15, 0.1757
3, 5, 0.2, 0.1757
3, 5, 0.25, 0.1757
3, 5, 0.3, 0.1757
3, 5, 0.35, 0.1892
3, 5, 0.4, 0.3514
3, 5, 0.45, 0.6081
3, 5, 0.5, 0.9459
3, 5, 0.55, 0.9865
3, 5, 0.6, 1.0000
3, 5, 0.65, 1.0000
3, 5, 0.7, 1.0000
3, 5, 0.75, 1.0000
3, 5, 0.8, 1.0000
3, 5, 0.85, 1.0000
3, 5, 0.9, 1.0000
3, 5, 0.95, 1.0000
3, 5, 1, 1.0000
3, 6, 0.1, 0.1757
3, 6, 0.15, 0.1757
3, 6, 0.2, 0.1757
3, 6, 0.25, 0.1757
3, 6, 0.3, 0.1757
3, 6, 0.35, 0.1892
3, 6, 0.4, 0.3514
3, 6, 0.45, 0.6081
3, 6, 0.5, 0.9459
3, 6, 0.55, 0.9865
3, 6, 0.6, 1.0000
3, 6, 0.65, 1.0000
3, 6, 0.7, 1.0000
3, 6, 0.75, 1.0000
3, 6, 0.8, 1.0000
3, 6, 0.85, 1.0000
3, 6, 0.9, 1.0000
3, 6, 0.95, 1.0000
3, 6, 1, 1.0000
3, 7, 0.1, 0.1757
3, 7, 0.15, 0.1757
3, 7, 0.2, 0.1757
3, 7, 0.25, 0.1757
3, 7, 0.3, 0.1757
3, 7, 0.35, 0.1892
3, 7, 0.4, 0.3514
3, 7, 0.45, 0.6081
3, 7, 0.5, 0.9459
3, 7, 0.55, 0.9865
3, 7, 0.6, 1.0000
3, 7, 0.65, 1.0000
3, 7, 0.7, 1.0000
3, 7, 0.75, 1.0000
3, 7, 0.8, 1.0000
3, 7, 0.85, 1.0000
3, 7, 0.9, 1.0000
3, 7, 0.95, 1.0000
3, 7, 1, 1.0000
3, 8, 0.1, 0.1757
3, 8, 0.15, 0.1757
3, 8, 0.2, 0.1757
3, 8, 0.25, 0.1757
3, 8, 0.3, 0.1757
3, 8, 0.35, 0.1892
3, 8, 0.4, 0.3514
3, 8, 0.45, 0.6081
3, 8, 0.5, 0.9459
3, 8, 0.55, 0.9865
3, 8, 0.6, 1.0000
3, 8, 0.65, 1.0000
3, 8, 0.7, 1.0000
3, 8, 0.75, 1.0000
3, 8, 0.8, 1.0000
3, 8, 0.85, 1.0000
3, 8, 0.9, 1.0000
3, 8, 0.95, 1.0000
3, 8, 1, 1.0000
3, 9, 0.1, 0.1757
3, 9, 0.15, 0.1757
3, 9, 0.2, 0.1757
3, 9, 0.25, 0.1757
3, 9, 0.3, 0.1757
3, 9, 0.35, 0.1892
3, 9, 0.4, 0.3514
3, 9, 0.45, 0.6081
3, 9, 0.5, 0.9459
3, 9, 0.55, 0.9865
3, 9, 0.6, 1.0000
3, 9, 0.65, 1.0000
3, 9, 0.7, 1.0000
3, 9, 0.75, 1.0000
3, 9, 0.8, 1.0000
3, 9, 0.85, 1.0000
3, 9, 0.9, 1.0000
3, 9, 0.95, 1.0000
3, 9, 1, 1.0000
3, 10, 0.1, 0.1757
3, 10, 0.15, 0.1757
3, 10, 0.2, 0.1757
3, 10, 0.25, 0.1757
3, 10, 0.3, 0.1757
3, 10, 0.35, 0.1892
3, 10, 0.4, 0.3514
3, 10, 0.45, 0.6081
3, 10, 0.5, 0.9459
3, 10, 0.55, 0.9865
3, 10, 0.6, 1.0000
3, 10, 0.65, 1.0000
3, 10, 0.7, 1.0000
3, 10, 0.75, 1.0000
3, 10, 0.8, 1.0000
3, 10, 0.85, 1.0000
3, 10, 0.9, 1.0000
3, 10, 0.95, 1.0000
3, 10, 1, 1.0000
4, 1, 0.1, 0.1757
4, 1, 0.15, 0.1757
4, 1, 0.2, 0.1757
4, 1, 0.25, 0.1757
4, 1, 0.3, 0.1757
4, 1, 0.35, 0.1892
4, 1, 0.4, 0.3514
4, 1, 0.45, 0.6081
4, 1, 0.5, 0.9459
4, 1, 0.55, 0.9865
4, 1, 0.6, 1.0000
4, 1, 0.65, 1.0000
4, 1, 0.7, 1.0000
4, 1, 0.75, 1.0000
4, 1, 0.8, 1.0000
4, 1, 0.85, 1.0000
4, 1, 0.9, 1.0000
4, 1, 0.95, 1.0000
4, 1, 1, 1.0000
4, 2, 0.1, 0.1757
4, 2, 0.15, 0.1757
4, 2, 0.2, 0.1757
4, 2, 0.25, 0.1757
4, 2, 0.3, 0.1757
4, 2, 0.35, 0.1892
4, 2, 0.4, 0.3514
4, 2, 0.45, 0.6081
4, 2, 0.5, 0.9459
4, 2, 0.55, 0.9865
4, 2, 0.6, 1.0000
4, 2, 0.65, 1.0000
4, 2, 0.7, 1.0000
4, 2, 0.75, 1.0000
4, 2, 0.8, 1.0000
4, 2, 0.85, 1.0000
4, 2, 0.9, 1.0000
4, 2, 0.95, 1.0000
4, 2, 1, 1.0000
4, 3, 0.1, 0.1757
4, 3, 0.15, 0.1757
4, 3, 0.2, 0.1757
4, 3, 0.25, 0.1757
4, 3, 0.3, 0.1757
4, 3, 0.35, 0.1892
4, 3, 0.4, 0.3514
4, 3, 0.45, 0.6081
4, 3, 0.5, 0.9459
4, 3, 0.55, 0.9865
4, 3, 0.6, 1.0000
4, 3, 0.65, 1.0000
4, 3, 0.7, 1.0000
4, 3, 0.75, 1.0000
4, 3, 0.8, 1.0000
4, 3, 0.85, 1.0000
4, 3, 0.9, 1.0000
4, 3, 0.95, 1.0000
4, 3, 1, 1.0000
4, 4, 0.1, 0.1757
4, 4, 0.15, 0.1757
4, 4, 0.2, 0.1757
4, 4, 0.25, 0.1757
4, 4, 0.3, 0.1757
4, 4, 0.35, 0.1892
4, 4, 0.4, 0.3514
4, 4, 0.45, 0.6081
4, 4, 0.5, 0.9459
4, 4, 0.55, 0.9865
4, 4, 0.6, 1.0000
4, 4, 0.65, 1.0000
4, 4, 0.7, 1.0000
4, 4, 0.75, 1.0000
4, 4, 0.8, 1.0000
4, 4, 0.85, 1.0000
4, 4, 0.9, 1.0000
4, 4, 0.95, 1.0000
4, 4, 1, 1.0000
4, 5, 0.1, 0.1757
4, 5, 0.15, 0.1757
4, 5, 0.2, 0.1757
4, 5, 0.25, 0.1757
4, 5, 0.3, 0.1757
4, 5, 0.35, 0.1892
4, 5, 0.4, 0.3514
4, 5, 0.45, 0.6081
4, 5, 0.5, 0.9459
4, 5, 0.55, 0.9865
4, 5, 0.6, 1.0000
4, 5, 0.65, 1.0000
4, 5, 0.7, 1.0000
4, 5, 0.75, 1.0000
4, 5, 0.8, 1.0000
4, 5, 0.85, 1.0000
4, 5, 0.9, 1.0000
4, 5, 0.95, 1.0000
4, 5, 1, 1.0000
4, 6, 0.1, 0.1757
4, 6, 0.15, 0.1757
4, 6, 0.2, 0.1757
4, 6, 0.25, 0.1757
4, 6, 0.3, 0.1757
4, 6, 0.35, 0.1892
4, 6, 0.4, 0.3514
4, 6, 0.45, 0.6081
4, 6, 0.5, 0.9459
4, 6, 0.55, 0.9865
4, 6, 0.6, 1.0000
4, 6, 0.65, 1.0000
4, 6, 0.7, 1.0000
4, 6, 0.75, 1.0000
4, 6, 0.8, 1.0000
4, 6, 0.85, 1.0000
4, 6, 0.9, 1.0000
4, 6, 0.95, 1.0000
4, 6, 1, 1.0000
4, 7, 0.1, 0.1757
4, 7, 0.15, 0.1757
4, 7, 0.2, 0.1757
4, 7, 0.25, 0.1757
4, 7, 0.3, 0.1757
4, 7, 0.35, 0.1892
4, 7, 0.4, 0.3514
4, 7, 0.45, 0.6081
4, 7, 0.5, 0.9459
4, 7, 0.55, 0.9865
4, 7, 0.6, 1.0000
4, 7, 0.65, 1.0000
4, 7, 0.7, 1.0000
4, 7, 0.75, 1.0000
4, 7, 0.8, 1.0000
4, 7, 0.85, 1.0000
4, 7, 0.9, 1.0000
4, 7, 0.95, 1.0000
4, 7, 1, 1.0000
4, 8, 0.1, 0.1757
4, 8, 0.15, 0.1757
4, 8, 0.2, 0.1757
4, 8, 0.25, 0.1757
4, 8, 0.3, 0.1757
4, 8, 0.35, 0.1892
4, 8, 0.4, 0.3514
4, 8, 0.45, 0.6081
4, 8, 0.5, 0.9459
4, 8, 0.55, 0.9865
4, 8, 0.6, 1.0000
4, 8, 0.65, 1.0000
4, 8, 0.7, 1.0000
4, 8, 0.75, 1.0000
4, 8, 0.8, 1.0000
4, 8, 0.85, 1.0000
4, 8, 0.9, 1.0000
4, 8, 0.95, 1.0000
4, 8, 1, 1.0000
4, 9, 0.1, 0.1757
4, 9, 0.15, 0.1757
4, 9, 0.2, 0.1757
4, 9, 0.25, 0.1757
4, 9, 0.3, 0.1757
4, 9, 0.35, 0.1892
4, 9, 0.4, 0.3514
4, 9, 0.45, 0.6081
4, 9, 0.5, 0.9459
4, 9, 0.55, 0.9865
4, 9, 0.6, 1.0000
4, 9, 0.65, 1.0000
4, 9, 0.7, 1.0000
4, 9, 0.75, 1.0000
4, 9, 0.8, 1.0000
4, 9, 0.85, 1.0000
4, 9, 0.9, 1.0000
4, 9, 0.95, 1.0000
4, 9, 1, 1.0000
4, 10, 0.1, 0.1757
4, 10, 0.15, 0.1757
4, 10, 0.2, 0.1757
4, 10, 0.25, 0.1757
4, 10, 0.3, 0.1757
4, 10, 0.35, 0.1892
4, 10, 0.4, 0.3514
4, 10, 0.45, 0.6081
4, 10, 0.5, 0.9459
4, 10, 0.55, 0.9865
4, 10, 0.6, 1.0000
4, 10, 0.65, 1.0000
4, 10, 0.7, 1.0000
4, 10, 0.75, 1.0000
4, 10, 0.8, 1.0000
4, 10, 0.85, 1.0000
4, 10, 0.9, 1.0000
4, 10, 0.95, 1.0000
4, 10, 1, 1.0000
5, 1, 0.1, 0.1757
5, 1, 0.15, 0.1757
5, 1, 0.2, 0.1757
5, 1, 0.25, 0.1757
5, 1, 0.3, 0.1757
5, 1, 0.35, 0.1892
5, 1, 0.4, 0.3514
5, 1, 0.45, 0.6081
5, 1, 0.5, 0.9459
5, 1, 0.55, 0.9865
5, 1, 0.6, 1.0000
5, 1, 0.65, 1.0000
5, 1, 0.7, 1.0000
5, 1, 0.75, 1.0000
5, 1, 0.8, 1.0000
5, 1, 0.85, 1.0000
5, 1, 0.9, 1.0000
5, 1, 0.95, 1.0000
5, 1, 1, 1.0000
5, 2, 0.1, 0.1757
5, 2, 0.15, 0.1757
5, 2, 0.2, 0.1757
5, 2, 0.25, 0.1757
5, 2, 0.3, 0.1757
5, 2, 0.35, 0.1892
5, 2, 0.4, 0.3514
5, 2, 0.45, 0.6081
5, 2, 0.5, 0.9459
5, 2, 0.55, 0.9865
5, 2, 0.6, 1.0000
5, 2, 0.65, 1.0000
5, 2, 0.7, 1.0000
5, 2, 0.75, 1.0000
5, 2, 0.8, 1.0000
5, 2, 0.85, 1.0000
5, 2, 0.9, 1.0000
5, 2, 0.95, 1.0000
5, 2, 1, 1.0000
5, 3, 0.1, 0.1757
5, 3, 0.15, 0.1757
5, 3, 0.2, 0.1757
5, 3, 0.25, 0.1757
5, 3, 0.3, 0.1757
5, 3, 0.35, 0.1892
5, 3, 0.4, 0.3514
5, 3, 0.45, 0.6081
5, 3, 0.5, 0.9459
5, 3, 0.55, 0.9865
5, 3, 0.6, 1.0000
5, 3, 0.65, 1.0000
5, 3, 0.7, 1.0000
5, 3, 0.75, 1.0000
5, 3, 0.8, 1.0000
5, 3, 0.85, 1.0000
5, 3, 0.9, 1.0000
5, 3, 0.95, 1.0000
5, 3, 1, 1.0000
5, 4, 0.1, 0.1757
5, 4, 0.15, 0.1757
5, 4, 0.2, 0.1757
5, 4, 0.25, 0.1757
5, 4, 0.3, 0.1757
5, 4, 0.35, 0.1892
5, 4, 0.4, 0.3514
5, 4, 0.45, 0.6081
5, 4, 0.5, 0.9459
5, 4, 0.55, 0.9865
5, 4, 0.6, 1.0000
5, 4, 0.65, 1.0000
5, 4, 0.7, 1.0000
5, 4, 0.75, 1.0000
5, 4, 0.8, 1.0000
5, 4, 0.85, 1.0000
5, 4, 0.9, 1.0000
5, 4, 0.95, 1.0000
5, 4, 1, 1.0000
5, 5, 0.1, 0.1757
5, 5, 0.15, 0.1757
5, 5, 0.2, 0.1757
5, 5, 0.25, 0.1757
5, 5, 0.3, 0.1757
5, 5, 0.35, 0.1892
5, 5, 0.4, 0.3514
5, 5, 0.45, 0.6081
5, 5, 0.5, 0.9459
5, 5, 0.55, 0.9865
5, 5, 0.6, 1.0000
5, 5, 0.65, 1.0000
5, 5, 0.7, 1.0000
5, 5, 0.75, 1.0000
5, 5, 0.8, 1.0000
5, 5, 0.85, 1.0000
5, 5, 0.9, 1.0000
5, 5, 0.95, 1.0000
5, 5, 1, 1.0000
5, 6, 0.1, 0.1757
5, 6, 0.15, 0.1757
5, 6, 0.2, 0.1757
5, 6, 0.25, 0.1757
5, 6, 0.3, 0.1757
5, 6, 0.35, 0.1892
5, 6, 0.4, 0.3514
5, 6, 0.45, 0.6081
5, 6, 0.5, 0.9459
5, 6, 0.55, 0.9865
5, 6, 0.6, 1.0000
5, 6, 0.65, 1.0000
5, 6, 0.7, 1.0000
5, 6, 0.75, 1.0000
5, 6, 0.8, 1.0000
5, 6, 0.85, 1.0000
5, 6, 0.9, 1.0000
5, 6, 0.95, 1.0000
5, 6, 1, 1.0000
5, 7, 0.1, 0.1757
5, 7, 0.15, 0.1757
5, 7, 0.2, 0.1757
5, 7, 0.25, 0.1757
5, 7, 0.3, 0.1757
5, 7, 0.35, 0.1892
5, 7, 0.4, 0.3514
5, 7, 0.45, 0.6081
5, 7, 0.5, 0.9459
5, 7, 0.55, 0.9865
5, 7, 0.6, 1.0000
5, 7, 0.65, 1.0000
5, 7, 0.7, 1.0000
5, 7, 0.75, 1.0000
5, 7, 0.8, 1.0000
5, 7, 0.85, 1.0000
5, 7, 0.9, 1.0000
5, 7, 0.95, 1.0000
5, 7, 1, 1.0000
5, 8, 0.1, 0.1757
5, 8, 0.15, 0.1757
5, 8, 0.2, 0.1757
5, 8, 0.25, 0.1757
5, 8, 0.3, 0.1757
5, 8, 0.35, 0.1892
5, 8, 0.4, 0.3514
5, 8, 0.45, 0.6081
5, 8, 0.5, 0.9459
5, 8, 0.55, 0.9865
5, 8, 0.6, 1.0000
5, 8, 0.65, 1.0000
5, 8, 0.7, 1.0000
5, 8, 0.75, 1.0000
5, 8, 0.8, 1.0000
5, 8, 0.85, 1.0000
5, 8, 0.9, 1.0000
5, 8, 0.95, 1.0000
5, 8, 1, 1.0000
5, 9, 0.1, 0.1757
5, 9, 0.15, 0.1757
5, 9, 0.2, 0.1757
5, 9, 0.25, 0.1757
5, 9, 0.3, 0.1757
5, 9, 0.35, 0.1892
5, 9, 0.4, 0.3514
5, 9, 0.45, 0.6081
5, 9, 0.5, 0.9459
5, 9, 0.55, 0.9865
5, 9, 0.6, 1.0000
5, 9, 0.65, 1.0000
5, 9, 0.7, 1.0000
5, 9, 0.75, 1.0000
5, 9, 0.8, 1.0000
5, 9, 0.85, 1.0000
5, 9, 0.9, 1.0000
5, 9, 0.95, 1.0000
5, 9, 1, 1.0000
5, 10, 0.1, 0.1757
5, 10, 0.15, 0.1757
5, 10, 0.2, 0.1757
5, 10, 0.25, 0.1757
5, 10, 0.3, 0.1757
5, 10, 0.35, 0.1892
5, 10, 0.4, 0.3514
5, 10, 0.45, 0.6081
5, 10, 0.5, 0.9459
5, 10, 0.55, 0.9865
5, 10, 0.6, 1.0000
5, 10, 0.65, 1.0000
5, 10, 0.7, 1.0000
5, 10, 0.75, 1.0000
5, 10, 0.8, 1.0000
5, 10, 0.85, 1.0000
5, 10, 0.9, 1.0000
5, 10, 0.95, 1.0000
5, 10, 1, 1.0000
6, 1, 0.1, 0.1757
6, 1, 0.15, 0.1757
6, 1, 0.2, 0.1757
6, 1, 0.25, 0.1757
6, 1, 0.3, 0.1757
6, 1, 0.35, 0.1892
6, 1, 0.4, 0.3514
6, 1, 0.45, 0.6081
6, 1, 0.5, 0.9459
6, 1, 0.55, 0.9865
6, 1, 0.6, 1.0000
6, 1, 0.65, 1.0000
6, 1, 0.7, 1.0000
6, 1, 0.75, 1.0000
6, 1, 0.8, 1.0000
6, 1, 0.85, 1.0000
6, 1, 0.9, 1.0000
6, 1, 0.95, 1.0000
6, 1, 1, 1.0000
6, 2, 0.1, 0.1757
6, 2, 0.15, 0.1757
6, 2, 0.2, 0.1757
6, 2, 0.25, 0.1757
6, 2, 0.3, 0.1757
6, 2, 0.35, 0.1892
6, 2, 0.4, 0.3514
6, 2, 0.45, 0.6081
6, 2, 0.5, 0.9459
6, 2, 0.55, 0.9865
6, 2, 0.6, 1.0000
6, 2, 0.65, 1.0000
6, 2, 0.7, 1.0000
6, 2, 0.75, 1.0000
6, 2, 0.8, 1.0000
6, 2, 0.85, 1.0000
6, 2, 0.9, 1.0000
6, 2, 0.95, 1.0000
6, 2, 1, 1.0000
6, 3, 0.1, 0.1757
6, 3, 0.15, 0.1757
6, 3, 0.2, 0.1757
6, 3, 0.25, 0.1757
6, 3, 0.3, 0.1757
6, 3, 0.35, 0.1892
6, 3, 0.4, 0.3514
6, 3, 0.45, 0.6081
6, 3, 0.5, 0.9459
6, 3, 0.55, 0.9865
6, 3, 0.6, 1.0000
6, 3, 0.65, 1.0000
6, 3, 0.7, 1.0000
6, 3, 0.75, 1.0000
6, 3, 0.8, 1.0000
6, 3, 0.85, 1.0000
6, 3, 0.9, 1.0000
6, 3, 0.95, 1.0000
6, 3, 1, 1.0000
6, 4, 0.1, 0.1757
6, 4, 0.15, 0.1757
6, 4, 0.2, 0.1757
6, 4, 0.25, 0.1757
6, 4, 0.3, 0.1757
6, 4, 0.35, 0.1892
6, 4, 0.4, 0.3514
6, 4, 0.45, 0.6081
6, 4, 0.5, 0.9459
6, 4, 0.55, 0.9865
6, 4, 0.6, 1.0000
6, 4, 0.65, 1.0000
6, 4, 0.7, 1.0000
6, 4, 0.75, 1.0000
6, 4, 0.8, 1.0000
6, 4, 0.85, 1.0000
6, 4, 0.9, 1.0000
6, 4, 0.95, 1.0000
6, 4, 1, 1.0000
6, 5, 0.1, 0.1757
6, 5, 0.15, 0.1757
6, 5, 0.2, 0.1757
6, 5, 0.25, 0.1757
6, 5, 0.3, 0.1757
6, 5, 0.35, 0.1892
6, 5, 0.4, 0.3514
6, 5, 0.45, 0.6081
6, 5, 0.5, 0.9459
6, 5, 0.55, 0.9865
6, 5, 0.6, 1.0000
6, 5, 0.65, 1.0000
6, 5, 0.7, 1.0000
6, 5, 0.75, 1.0000
6, 5, 0.8, 1.0000
6, 5, 0.85, 1.0000
6, 5, 0.9, 1.0000
6, 5, 0.95, 1.0000
6, 5, 1, 1.0000
6, 6, 0.1, 0.1757
6, 6, 0.15, 0.1757
6, 6, 0.2, 0.1757
6, 6, 0.25, 0.1757
6, 6, 0.3, 0.1757
6, 6, 0.35, 0.1892
6, 6, 0.4, 0.3514
6, 6, 0.45, 0.6081
6, 6, 0.5, 0.9459
6, 6, 0.55, 0.9865
6, 6, 0.6, 1.0000
6, 6, 0.65, 1.0000
6, 6, 0.7, 1.0000
6, 6, 0.75, 1.0000
6, 6, 0.8, 1.0000
6, 6, 0.85, 1.0000
6, 6, 0.9, 1.0000
6, 6, 0.95, 1.0000
6, 6, 1, 1.0000
6, 7, 0.1, 0.1757
6, 7, 0.15, 0.1757
6, 7, 0.2, 0.1757
6, 7, 0.25, 0.1757
6, 7, 0.3, 0.1757
6, 7, 0.35, 0.1892
6, 7, 0.4, 0.3514
6, 7, 0.45, 0.6081
6, 7, 0.5, 0.9459
6, 7, 0.55, 0.9865
6, 7, 0.6, 1.0000
6, 7, 0.65, 1.0000
6, 7, 0.7, 1.0000
6, 7, 0.75, 1.0000
6, 7, 0.8, 1.0000
6, 7, 0.85, 1.0000
6, 7, 0.9, 1.0000
6, 7, 0.95, 1.0000
6, 7, 1, 1.0000
6, 8, 0.1, 0.1757
6, 8, 0.15, 0.1757
6, 8, 0.2, 0.1757
6, 8, 0.25, 0.1757
6, 8, 0.3, 0.1757
6, 8, 0.35, 0.1892
6, 8, 0.4, 0.3514
6, 8, 0.45, 0.6081
6, 8, 0.5, 0.9459
6, 8, 0.55, 0.9865
6, 8, 0.6, 1.0000
6, 8, 0.65, 1.0000
6, 8, 0.7, 1.0000
6, 8, 0.75, 1.0000
6, 8, 0.8, 1.0000
6, 8, 0.85, 1.0000
6, 8, 0.9, 1.0000
6, 8, 0.95, 1.0000
6, 8, 1, 1.0000
6, 9, 0.1, 0.1757
6, 9, 0.15, 0.1757
6, 9, 0.2, 0.1757
6, 9, 0.25, 0.1757
6, 9, 0.3, 0.1757
6, 9, 0.35, 0.1892
6, 9, 0.4, 0.3514
6, 9, 0.45, 0.6081
6, 9, 0.5, 0.9459
6, 9, 0.55, 0.9865
6, 9, 0.6, 1.0000
6, 9, 0.65, 1.0000
6, 9, 0.7, 1.0000
6, 9, 0.75, 1.0000
6, 9, 0.8, 1.0000
6, 9, 0.85, 1.0000
6, 9, 0.9, 1.0000
6, 9, 0.95, 1.0000
6, 9, 1, 1.0000
6, 10, 0.1, 0.1757
6, 10, 0.15, 0.1757
6, 10, 0.2, 0.1757
6, 10, 0.25, 0.1757
6, 10, 0.3, 0.1757
6, 10, 0.35, 0.1892
6, 10, 0.4, 0.3514
6, 10, 0.45, 0.6081
6, 10, 0.5, 0.9459
6, 10, 0.55, 0.9865
6, 10, 0.6, 1.0000
6, 10, 0.65, 1.0000
6, 10, 0.7, 1.0000
6, 10, 0.75, 1.0000
6, 10, 0.8, 1.0000
6, 10, 0.85, 1.0000
6, 10, 0.9, 1.0000
6, 10, 0.95, 1.0000
6, 10, 1, 1.0000
7, 1, 0.1, 0.1757
7, 1, 0.15, 0.1757
7, 1, 0.2, 0.1757
7, 1, 0.25, 0.1757
7, 1, 0.3, 0.1757
7, 1, 0.35, 0.1892
7, 1, 0.4, 0.3514
7, 1, 0.45, 0.6081
7, 1, 0.5, 0.9459
7, 1, 0.55, 0.9865
7, 1, 0.6, 1.0000
7, 1, 0.65, 1.0000
7, 1, 0.7, 1.0000
7, 1, 0.75, 1.0000
7, 1, 0.8, 1.0000
7, 1, 0.85, 1.0000
7, 1, 0.9, 1.0000
7, 1, 0.95, 1.0000
7, 1, 1, 1.0000
7, 2, 0.1, 0.1757
7, 2, 0.15, 0.1757
7, 2, 0.2, 0.1757
7, 2, 0.25, 0.1757
7, 2, 0.3, 0.1757
7, 2, 0.35, 0.1892
7, 2, 0.4, 0.3514
7, 2, 0.45, 0.6081
7, 2, 0.5, 0.9459
7, 2, 0.55, 0.9865
7, 2, 0.6, 1.0000
7, 2, 0.65, 1.0000
7, 2, 0.7, 1.0000
7, 2, 0.75, 1.0000
7, 2, 0.8, 1.0000
7, 2, 0.85, 1.0000
7, 2, 0.9, 1.0000
7, 2, 0.95, 1.0000
7, 2, 1, 1.0000
7, 3, 0.1, 0.1757
7, 3, 0.15, 0.1757
7, 3, 0.2, 0.1757
7, 3, 0.25, 0.1757
7, 3, 0.3, 0.1757
7, 3, 0.35, 0.1892
7, 3, 0.4, 0.3514
7, 3, 0.45, 0.6081
7, 3, 0.5, 0.9459
7, 3, 0.55, 0.9865
7, 3, 0.6, 1.0000
7, 3, 0.65, 1.0000
7, 3, 0.7, 1.0000
7, 3, 0.75, 1.0000
7, 3, 0.8, 1.0000
7, 3, 0.85, 1.0000
7, 3, 0.9, 1.0000
7, 3, 0.95, 1.0000
7, 3, 1, 1.0000
7, 4, 0.1, 0.1757
7, 4, 0.15, 0.1757
7, 4, 0.2, 0.1757
7, 4, 0.25, 0.1757
7, 4, 0.3, 0.1757
7, 4, 0.35, 0.1892
7, 4, 0.4, 0.3514
7, 4, 0.45, 0.6081
7, 4, 0.5, 0.9459
7, 4, 0.55, 0.9865
7, 4, 0.6, 1.0000
7, 4, 0.65, 1.0000
7, 4, 0.7, 1.0000
7, 4, 0.75, 1.0000
7, 4, 0.8, 1.0000
7, 4, 0.85, 1.0000
7, 4, 0.9, 1.0000
7, 4, 0.95, 1.0000
7, 4, 1, 1.0000
7, 5, 0.1, 0.1757
7, 5, 0.15, 0.1757
7, 5, 0.2, 0.1757
7, 5, 0.25, 0.1757
7, 5, 0.3, 0.1757
7, 5, 0.35, 0.1892
7, 5, 0.4, 0.3514
7, 5, 0.45, 0.6081
7, 5, 0.5, 0.9459
7, 5, 0.55, 0.9865
7, 5, 0.6, 1.0000
7, 5, 0.65, 1.0000
7, 5, 0.7, 1.0000
7, 5, 0.75, 1.0000
7, 5, 0.8, 1.0000
7, 5, 0.85, 1.0000
7, 5, 0.9, 1.0000
7, 5, 0.95, 1.0000
7, 5, 1, 1.0000
7, 6, 0.1, 0.1757
7, 6, 0.15, 0.1757
7, 6, 0.2, 0.1757
7, 6, 0.25, 0.1757
7, 6, 0.3, 0.1757
7, 6, 0.35, 0.1892
7, 6, 0.4, 0.3514
7, 6, 0.45, 0.6081
7, 6, 0.5, 0.9459
7, 6, 0.55, 0.9865
7, 6, 0.6, 1.0000
7, 6, 0.65, 1.0000
7, 6, 0.7, 1.0000
7, 6, 0.75, 1.0000
7, 6, 0.8, 1.0000
7, 6, 0.85, 1.0000
7, 6, 0.9, 1.0000
7, 6, 0.95, 1.0000
7, 6, 1, 1.0000
7, 7, 0.1, 0.1757
7, 7, 0.15, 0.1757
7, 7, 0.2, 0.1757
7, 7, 0.25, 0.1757
7, 7, 0.3, 0.1757
7, 7, 0.35, 0.1892
7, 7, 0.4, 0.3514
7, 7, 0.45, 0.6081
7, 7, 0.5, 0.9459
7, 7, 0.55, 0.9865
7, 7, 0.6, 1.0000
7, 7, 0.65, 1.0000
7, 7, 0.7, 1.0000
7, 7, 0.75, 1.0000
7, 7, 0.8, 1.0000
7, 7, 0.85, 1.0000
7, 7, 0.9, 1.0000
7, 7, 0.95, 1.0000
7, 7, 1, 1.0000
7, 8, 0.1, 0.1757
7, 8, 0.15, 0.1757
7, 8, 0.2, 0.1757
7, 8, 0.25, 0.1757
7, 8, 0.3, 0.1757
7, 8, 0.35, 0.1892
7, 8, 0.4, 0.3514
7, 8, 0.45, 0.6081
7, 8, 0.5, 0.9459
7, 8, 0.55, 0.9865
7, 8, 0.6, 1.0000
7, 8, 0.65, 1.0000
7, 8, 0.7, 1.0000
7, 8, 0.75, 1.0000
7, 8, 0.8, 1.0000
7, 8, 0.85, 1.0000
7, 8, 0.9, 1.0000
7, 8, 0.95, 1.0000
7, 8, 1, 1.0000
7, 9, 0.1, 0.1757
7, 9, 0.15, 0.1757
7, 9, 0.2, 0.1757
7, 9, 0.25, 0.1757
7, 9, 0.3, 0.1757
7, 9, 0.35, 0.1892
7, 9, 0.4, 0.3514
7, 9, 0.45, 0.6081
7, 9, 0.5, 0.9459
7, 9, 0.55, 0.9865
7, 9, 0.6, 1.0000
7, 9, 0.65, 1.0000
7, 9, 0.7, 1.0000
7, 9, 0.75, 1.0000
7, 9, 0.8, 1.0000
7, 9, 0.85, 1.0000
7, 9, 0.9, 1.0000
7, 9, 0.95, 1.0000
7, 9, 1, 1.0000
7, 10, 0.1, 0.1757
7, 10, 0.15, 0.1757
7, 10, 0.2, 0.1757
7, 10, 0.25, 0.1757
7, 10, 0.3, 0.1757
7, 10, 0.35, 0.1892
7, 10, 0.4, 0.3514
7, 10, 0.45, 0.6081
7, 10, 0.5, 0.9459
7, 10, 0.55, 0.9865
7, 10, 0.6, 1.0000
7, 10, 0.65, 1.0000
7, 10, 0.7, 1.0000
7, 10, 0.75, 1.0000
7, 10, 0.8, 1.0000
7, 10, 0.85, 1.0000
7, 10, 0.9, 1.0000
7, 10, 0.95, 1.0000
7, 10, 1, 1.0000
8, 1, 0.1, 0.1757
8, 1, 0.15, 0.1757
8, 1, 0.2, 0.1757
8, 1, 0.25, 0.1757
8, 1, 0.3, 0.1757
8, 1, 0.35, 0.1892
8, 1, 0.4, 0.3514
8, 1, 0.45, 0.6081
8, 1, 0.5, 0.9459
8, 1, 0.55, 0.9865
8, 1, 0.6, 1.0000
8, 1, 0.65, 1.0000
8, 1, 0.7, 1.0000
8, 1, 0.75, 1.0000
8, 1, 0.8, 1.0000
8, 1, 0.85, 1.0000
8, 1, 0.9, 1.0000
8, 1, 0.95, 1.0000
8, 1, 1, 1.0000
8, 2, 0.1, 0.1757
8, 2, 0.15, 0.1757
8, 2, 0.2, 0.1757
8, 2, 0.25, 0.1757
8, 2, 0.3, 0.1757
8, 2, 0.35, 0.1892
8, 2, 0.4, 0.3514
8, 2, 0.45, 0.6081
8, 2, 0.5, 0.9459
8, 2, 0.55, 0.9865
8, 2, 0.6, 1.0000
8, 2, 0.65, 1.0000
8, 2, 0.7, 1.0000
8, 2, 0.75, 1.0000
8, 2, 0.8, 1.0000
8, 2, 0.85, 1.0000
8, 2, 0.9, 1.0000
8, 2, 0.95, 1.0000
8, 2, 1, 1.0000
8, 3, 0.1, 0.1757
8, 3, 0.15, 0.1757
8, 3, 0.2, 0.1757
8, 3, 0.25, 0.1757
8, 3, 0.3, 0.1757
8, 3, 0.35, 0.1892
8, 3, 0.4, 0.3514
8, 3, 0.45, 0.6081
8, 3, 0.5, 0.9459
8, 3, 0.55, 0.9865
8, 3, 0.6, 1.0000
8, 3, 0.65, 1.0000
8, 3, 0.7, 1.0000
8, 3, 0.75, 1.0000
8, 3, 0.8, 1.0000
8, 3, 0.85, 1.0000
8, 3, 0.9, 1.0000
8, 3, 0.95, 1.0000
8, 3, 1, 1.0000
8, 4, 0.1, 0.1757
8, 4, 0.15, 0.1757
8, 4, 0.2, 0.1757
8, 4, 0.25, 0.1757
8, 4, 0.3, 0.1757
8, 4, 0.35, 0.1892
8, 4, 0.4, 0.3514
8, 4, 0.45, 0.6081
8, 4, 0.5, 0.9459
8, 4, 0.55, 0.9865
8, 4, 0.6, 1.0000
8, 4, 0.65, 1.0000
8, 4, 0.7, 1.0000
8, 4, 0.75, 1.0000
8, 4, 0.8, 1.0000
8, 4, 0.85, 1.0000
8, 4, 0.9, 1.0000
8, 4, 0.95, 1.0000
8, 4, 1, 1.0000
8, 5, 0.1, 0.1757
8, 5, 0.15, 0.1757
8, 5, 0.2, 0.1757
8, 5, 0.25, 0.1757
8, 5, 0.3, 0.1757
8, 5, 0.35, 0.1892
8, 5, 0.4, 0.3514
8, 5, 0.45, 0.6081
8, 5, 0.5, 0.9459
8, 5, 0.55, 0.9865
8, 5, 0.6, 1.0000
8, 5, 0.65, 1.0000
8, 5, 0.7, 1.0000
8, 5, 0.75, 1.0000
8, 5, 0.8, 1.0000
8, 5, 0.85, 1.0000
8, 5, 0.9, 1.0000
8, 5, 0.95, 1.0000
8, 5, 1, 1.0000
8, 6, 0.1, 0.1757
8, 6, 0.15, 0.1757
8, 6, 0.2, 0.1757
8, 6, 0.25, 0.1757
8, 6, 0.3, 0.1757
8, 6, 0.35, 0.1892
8, 6, 0.4, 0.3514
8, 6, 0.45, 0.6081
8, 6, 0.5, 0.9459
8, 6, 0.55, 0.9865
8, 6, 0.6, 1.0000
8, 6, 0.65, 1.0000
8, 6, 0.7, 1.0000
8, 6, 0.75, 1.0000
8, 6, 0.8, 1.0000
8, 6, 0.85, 1.0000
8, 6, 0.9, 1.0000
8, 6, 0.95, 1.0000
8, 6, 1, 1.0000
8, 7, 0.1, 0.1757
8, 7, 0.15, 0.1757
8, 7, 0.2, 0.1757
8, 7, 0.25, 0.1757
8, 7, 0.3, 0.1757
8, 7, 0.35, 0.1892
8, 7, 0.4, 0.3514
8, 7, 0.45, 0.6081
8, 7, 0.5, 0.9459
8, 7, 0.55, 0.9865
8, 7, 0.6, 1.0000
8, 7, 0.65, 1.0000
8, 7, 0.7, 1.0000
8, 7, 0.75, 1.0000
8, 7, 0.8, 1.0000
8, 7, 0.85, 1.0000
8, 7, 0.9, 1.0000
8, 7, 0.95, 1.0000
8, 7, 1, 1.0000
8, 8, 0.1, 0.1757
8, 8, 0.15, 0.1757
8, 8, 0.2, 0.1757
8, 8, 0.25, 0.1757
8, 8, 0.3, 0.1757
8, 8, 0.35, 0.1892
8, 8, 0.4, 0.3514
8, 8, 0.45, 0.6081
8, 8, 0.5, 0.9459
8, 8, 0.55, 0.9865
8, 8, 0.6, 1.0000
8, 8, 0.65, 1.0000
8, 8, 0.7, 1.0000
8, 8, 0.75, 1.0000
8, 8, 0.8, 1.0000
8, 8, 0.85, 1.0000
8, 8, 0.9, 1.0000
8, 8, 0.95, 1.0000
8, 8, 1, 1.0000
8, 9, 0.1, 0.1757
8, 9, 0.15, 0.1757
8, 9, 0.2, 0.1757
8, 9, 0.25, 0.1757
8, 9, 0.3, 0.1757
8, 9, 0.35, 0.1892
8, 9, 0.4, 0.3514
8, 9, 0.45, 0.6081
8, 9, 0.5, 0.9459
8, 9, 0.55, 0.9865
8, 9, 0.6, 1.0000
8, 9, 0.65, 1.0000
8, 9, 0.7, 1.0000
8, 9, 0.75, 1.0000
8, 9, 0.8, 1.0000
8, 9, 0.85, 1.0000
8, 9, 0.9, 1.0000
8, 9, 0.95, 1.0000
8, 9, 1, 1.0000
8, 10, 0.1, 0.1757
8, 10, 0.15, 0.1757
8, 10, 0.2, 0.1757
8, 10, 0.25, 0.1757
8, 10, 0.3, 0.1757
8, 10, 0.35, 0.1892
8, 10, 0.4, 0.3514
8, 10, 0.45, 0.6081
8, 10, 0.5, 0.9459
8, 10, 0.55, 0.9865
8, 10, 0.6, 1.0000
8, 10, 0.65, 1.0000
8, 10, 0.7, 1.0000
8, 10, 0.75, 1.0000
8, 10, 0.8, 1.0000
8, 10, 0.85, 1.0000
8, 10, 0.9, 1.0000
8, 10, 0.95, 1.0000
8, 10, 1, 1.0000
9, 1, 0.1, 0.1757
9, 1, 0.15, 0.1757
9, 1, 0.2, 0.1757
9, 1, 0.25, 0.1757
9, 1, 0.3, 0.1757
9, 1, 0.35, 0.1892
9, 1, 0.4, 0.3514
9, 1, 0.45, 0.6081
9, 1, 0.5, 0.9459
9, 1, 0.55, 0.9865
9, 1, 0.6, 1.0000
9, 1, 0.65, 1.0000
9, 1, 0.7, 1.0000
9, 1, 0.75, 1.0000
9, 1, 0.8, 1.0000
9, 1, 0.85, 1.0000
9, 1, 0.9, 1.0000
9, 1, 0.95, 1.0000
9, 1, 1, 1.0000
9, 2, 0.1, 0.1757
9, 2, 0.15, 0.1757
9, 2, 0.2, 0.1757
9, 2, 0.25, 0.1757
9, 2, 0.3, 0.1757
9, 2, 0.35, 0.1892
9, 2, 0.4, 0.3514
9, 2, 0.45, 0.6081
9, 2, 0.5, 0.9459
9, 2, 0.55, 0.9865
9, 2, 0.6, 1.0000
9, 2, 0.65, 1.0000
9, 2, 0.7, 1.0000
9, 2, 0.75, 1.0000
9, 2, 0.8, 1.0000
9, 2, 0.85, 1.0000
9, 2, 0.9, 1.0000
9, 2, 0.95, 1.0000
9, 2, 1, 1.0000
9, 3, 0.1, 0.1757
9, 3, 0.15, 0.1757
9, 3, 0.2, 0.1757
9, 3, 0.25, 0.1757
9, 3, 0.3, 0.1757
9, 3, 0.35, 0.1892
9, 3, 0.4, 0.3514
9, 3, 0.45, 0.6081
9, 3, 0.5, 0.9459
9, 3, 0.55, 0.9865
9, 3, 0.6, 1.0000
9, 3, 0.65, 1.0000
9, 3, 0.7, 1.0000
9, 3, 0.75, 1.0000
9, 3, 0.8, 1.0000
9, 3, 0.85, 1.0000
9, 3, 0.9, 1.0000
9, 3, 0.95, 1.0000
9, 3, 1, 1.0000
9, 4, 0.1, 0.1757
9, 4, 0.15, 0.1757
9, 4, 0.2, 0.1757
9, 4, 0.25, 0.1757
9, 4, 0.3, 0.1757
9, 4, 0.35, 0.1892
9, 4, 0.4, 0.3514
9, 4, 0.45, 0.6081
9, 4, 0.5, 0.9459
9, 4, 0.55, 0.9865
9, 4, 0.6, 1.0000
9, 4, 0.65, 1.0000
9, 4, 0.7, 1.0000
9, 4, 0.75, 1.0000
9, 4, 0.8, 1.0000
9, 4, 0.85, 1.0000
9, 4, 0.9, 1.0000
9, 4, 0.95, 1.0000
9, 4, 1, 1.0000
9, 5, 0.1, 0.1757
9, 5, 0.15, 0.1757
9, 5, 0.2, 0.1757
9, 5, 0.25, 0.1757
9, 5, 0.3, 0.1757
9, 5, 0.35, 0.1892
9, 5, 0.4, 0.3514
9, 5, 0.45, 0.6081
9, 5, 0.5, 0.9459
9, 5, 0.55, 0.9865
9, 5, 0.6, 1.0000
9, 5, 0.65, 1.0000
9, 5, 0.7, 1.0000
9, 5, 0.75, 1.0000
9, 5, 0.8, 1.0000
9, 5, 0.85, 1.0000
9, 5, 0.9, 1.0000
9, 5, 0.95, 1.0000
9, 5, 1, 1.0000
9, 6, 0.1, 0.1757
9, 6, 0.15, 0.1757
9, 6, 0.2, 0.1757
9, 6, 0.25, 0.1757
9, 6, 0.3, 0.1757
9, 6, 0.35, 0.1892
9, 6, 0.4, 0.3514
9, 6, 0.45, 0.6081
9, 6, 0.5, 0.9459
9, 6, 0.55, 0.9865
9, 6, 0.6, 1.0000
9, 6, 0.65, 1.0000
9, 6, 0.7, 1.0000
9, 6, 0.75, 1.0000
9, 6, 0.8, 1.0000
9, 6, 0.85, 1.0000
9, 6, 0.9, 1.0000
9, 6, 0.95, 1.0000
9, 6, 1, 1.0000
9, 7, 0.1, 0.1757
9, 7, 0.15, 0.1757
9, 7, 0.2, 0.1757
9, 7, 0.25, 0.1757
9, 7, 0.3, 0.1757
9, 7, 0.35, 0.1892
9, 7, 0.4, 0.3514
9, 7, 0.45, 0.6081
9, 7, 0.5, 0.9459
9, 7, 0.55, 0.9865
9, 7, 0.6, 1.0000
9, 7, 0.65, 1.0000
9, 7, 0.7, 1.0000
9, 7, 0.75, 1.0000
9, 7, 0.8, 1.0000
9, 7, 0.85, 1.0000
9, 7, 0.9, 1.0000
9, 7, 0.95, 1.0000
9, 7, 1, 1.0000
9, 8, 0.1, 0.1757
9, 8, 0.15, 0.1757
9, 8, 0.2, 0.1757
9, 8, 0.25, 0.1757
9, 8, 0.3, 0.1757
9, 8, 0.35, 0.1892
9, 8, 0.4, 0.3514
9, 8, 0.45, 0.6081
9, 8, 0.5, 0.9459
9, 8, 0.55, 0.9865
9, 8, 0.6, 1.0000
9, 8, 0.65, 1.0000
9, 8, 0.7, 1.0000
9, 8, 0.75, 1.0000
9, 8, 0.8, 1.0000
9, 8, 0.85, 1.0000
9, 8, 0.9, 1.0000
9, 8, 0.95, 1.0000
9, 8, 1, 1.0000
9, 9, 0.1, 0.1757
9, 9, 0.15, 0.1757
9, 9, 0.2, 0.1757
9, 9, 0.25, 0.1757
9, 9, 0.3, 0.1757
9, 9, 0.35, 0.1892
9, 9, 0.4, 0.3514
9, 9, 0.45, 0.6081
9, 9, 0.5, 0.9459
9, 9, 0.55, 0.9865
9, 9, 0.6, 1.0000
9, 9, 0.65, 1.0000
9, 9, 0.7, 1.0000
9, 9, 0.75, 1.0000
9, 9, 0.8, 1.0000
9, 9, 0.85, 1.0000
9, 9, 0.9, 1.0000
9, 9, 0.95, 1.0000
9, 9, 1, 1.0000
9, 10, 0.1, 0.1757
9, 10, 0.15, 0.1757
9, 10, 0.2, 0.1757
9, 10, 0.25, 0.1757
9, 10, 0.3, 0.1757
9, 10, 0.35, 0.1892
9, 10, 0.4, 0.3514
9, 10, 0.45, 0.6081
9, 10, 0.5, 0.9459
9, 10, 0.55, 0.9865
9, 10, 0.6, 1.0000
9, 10, 0.65, 1.0000
9, 10, 0.7, 1.0000
9, 10, 0.75, 1.0000
9, 10, 0.8, 1.0000
9, 10, 0.85, 1.0000
9, 10, 0.9, 1.0000
9, 10, 0.95, 1.0000
9, 10, 1, 1.0000
